Province Name,Province Code,District,District Code,Name,Municipality Type,Hlcit Code,Code
Province 1,1,Bhojpur,10,Aamchowk,Gaunpalika,524 1 10 4 006,96
Gandaki Province,4,Syangja,41,Aandhikhola,Gaunpalika,524 4 41 4 001,432
Gandaki Province,4,Gorkha,36,Aarughat,Gaunpalika,524 4 36 4 006,403
Karnali Province,6,Dailekh,61,Aathabis,Nagarpalika,524 6 61 3 001,618
Karnali Province,6,Rukum West,77,Aathbiskot,Nagarpalika,524 6 52 3 001,564
Province 1,1,Terhathum,8,Aathrai,Gaunpalika,524 1 08 4 003,80
Province 1,1,Taplejung,1,Aathrai Tribeni,Gaunpalika,524 1 01 4 006,1
Province 2,2,Dhanusha,17,Aaurahi,Gaunpalika,524 2 17 4 003,176
Karnali Province,6,Humla,66,Adanchuli,Gaunpalika,524 6 66 4 007,665
Province 2,2,Bara,33,Adarshkotwal,Gaunpalika,524 2 33 4 009,363
Sudurpaschim Province,7,Doti,70,Adharsha,Gaunpalika,524 7 70 4 001,706
Province 2,2,Saptari,15,Agnisair Krishna Savaran,Gaunpalika,524 2 15 4 002,140
Province 1,1,Khotang,12,Ainselukhark,Gaunpalika,524 1 12 4 001,121
Sudurpaschim Province,7,Dadeldhura,73,Ajaymeru,Gaunpalika,524 7 73 4 002,739
Gandaki Province,4,Gorkha,36,Ajirkot,Gaunpalika,524 4 36 4 002,404
Sudurpaschim Province,7,Dadeldhura,73,Alital,Gaunpalika,524 7 73 4 004,740
Sudurpaschim Province,7,Dadeldhura,73,Amargadhi,Nagarpalika,524 7 73 3 002,741
Gandaki Province,4,Tanahu,40,Anbukhaireni,Gaunpalika,524 4 40 4 005,422
Gandaki Province,4,Kaski,39,Annapurna,Gaunpalika,524 4 39 4 001,443
Gandaki Province,4,Myagdi,44,Annapurna,Gaunpalika,524 4 44 4 003,457
Sudurpaschim Province,7,Darchula,75,Apihimal,Gaunpalika,524 7 75 4 003,756
Gandaki Province,4,Syangja,41,Arjunchaupari,Gaunpalika,524 4 41 4 003,433
Province 1,1,Jhapa,4,Arjundhara,Nagarpalika,524 1 04 3 004,28
Province 2,2,Siraha,16,Arnama,Gaunpalika,524 2 16 4 003,159
Province 1,1,Bhojpur,10,Arun,Gaunpalika,524 1 10 4 003,97
Province 2,2,Siraha,16,Aurahi,Gaunpalika,524 2 16 4 004,160
Province 2,2,Mahottari,18,Aurahi,Nagarpalika,524 2 18 3 003,194
Province 5,5,Pyuthan,55,Aairawati,Gaunpalika,524 5 55 4 007,544
Province 5,5,Dang,56,Babai,Gaunpalika,524 5 56 4 001,581
Province 5,5,Bardiya,58,Badhaiyatal,Gaunpalika,524 5 58 4 002,599
Gandaki Province,4,Baglung,43,Badigad,Gaunpalika,524 4 43 4 003,471
Sudurpaschim Province,7,Doti,70,Badikedar,Gaunpalika,524 7 70 4 006,707
Sudurpaschim Province,7,Bajura,68,Badimalika,Nagarpalika,524 7 68 3 002,672
Karnali Province,6,Salyan,53,Bagchaur,Nagarpalika,524 6 53 3 002,571
Gandaki Province,4,Baglung,43,Baglung,Nagarpalika,524 4 43 3 003,472
Bagmati Province,3,Lalitpur,25,Bagmati,Gaunpalika,524 3 25 4 001,280
Bagmati Province,3,Makawanpur,31,Bagmati,Gaunpalika,524 3 31 4 008,333
Province 2,2,Sarlahi,19,Bagmati,Nagarpalika,524 2 19 3 001,209
Province 5,5,Palpa,46,Bagnaskali,Gaunpalika,524 5 46 4 005,494
Province 2,2,Parsa,34,Bahudaramai,Nagarpalika,524 2 34 3 002,380
Province 5,5,Banke,57,Baijanath,Gaunpalika,524 5 57 4 002,591
Bagmati Province,3,Dolakha,22,Baiteshwor,Gaunpalika,524 3 22 4 004,246
Bagmati Province,3,Makawanpur,31,Bakaiya,Gaunpalika,524 3 31 4 007,334
Province 2,2,Saptari,15,Balan,Bihul,524 2 15 4 004,141
Province 2,2,Sarlahi,19,Balara,Nagarpalika,524 2 19 3 011,210
Bagmati Province,3,Sindhupalchok,23,Balefi,Gaunpalika,524 3 23 4 006,255
Province 2,2,Mahottari,18,Balwa,Nagarpalika,524 2 18 3 007,195
Gandaki Province,4,Tanahu,40,Bandipur,Gaunpalika,524 4 40 4 004,423
Bagmati Province,3,Kabhrepalanchok,24,Banepa,Nagarpalika,524 3 24 3 002,267
Karnali Province,6,Rukum West,77,Banfikot,Gaunpalika,524 6 52 4 002,565
Karnali Province,6,Salyan,53,Bangad,Kupinde,524 6 53 3 001,572
Province 5,5,Kapilbastu,49,Banganga,Nagarpalika,524 5 49 3 003,528
Province 5,5,Dang,56,Banglachuli,Gaunpalika,524 5 56 4 005,582
Sudurpaschim Province,7,Achham,69,Bannigadhi,Jayagadh,524 7 69 4 003,695
Province 5,5,Bardiya,58,Bansagadhi,Nagarpalika,524 5 58 3 006,600
Province 2,2,Bara,33,Baragadhi,Gaunpalika,524 2 33 4 006,364
Province 1,1,Sunsari,6,Barah,Nagarpalika,524 1 06 3 001,60
Province 1,1,Khotang,12,Barahapokhari,Gaunpalika,524 1 12 4 007,122
Province 2,2,Sarlahi,19,Barahathawa,Nagarpalika,524 2 19 3 004,211
Karnali Province,6,Surkhet,59,Barahtal,Gaunpalika,524 6 59 4 002,609
Province 5,5,Bardiya,58,Barbardiya,Nagarpalika,524 5 58 3 005,602
Province 5,5,Nawalparasi West,76,Bardaghat,Nagarpalika,524 5 47 3 002,504
Sudurpaschim Province,7,Kailali,71,Bardagoriya,Gaunpalika,524 7 71 4 005,716
Province 2,2,Mahottari,18,Bardibas,Nagarpalika,524 2 18 3 001,196
Province 5,5,Bardiya,58,Bardiya,National Park,524 5 58 5 997,608
Karnali Province,6,Jajarkot,60,Barekot,Gaunpalika,524 6 60 4 003,629
Gandaki Province,4,Baglung,43,Bareng,Gaunpalika,524 4 43 4 006,473
Bagmati Province,3,Sindhupalchok,23,Barhabise,Nagarpalika,524 3 23 3 003,256
Province 1,1,Jhapa,4,Barhadashi,Gaunpalika,524 1 04 4 005,29
Gandaki Province,4,Mustang,45,Barhagaun,Muktikhsetra,524 4 45 4 003,452
Province 2,2,Siraha,16,Bariyarpatti,Gaunpalika,524 2 16 4 005,161
Province 1,1,Sunsari,6,Barju,Gaunpalika,524 1 06 4 006,61
Province 2,2,Sarlahi,19,Basbariya,Gaunpalika,524 2 19 4 001,212
Province 2,2,Dhanusha,17,Bateshwor,Gaunpalika,524 2 17 4 001,177
Province 2,2,Rautahat,32,Baudhimai,Nagarpalika,524 2 32 3 010,345
Sudurpaschim Province,7,Kanchanpur,72,Bedkot,Nagarpalika,524 7 72 3 003,729
Province 1,1,Udayapur,14,Belaka,Nagarpalika,524 1 14 3 004,131
Sudurpaschim Province,7,Kanchanpur,72,Belauri,Nagarpalika,524 7 72 3 006,730
Province 1,1,Morang,5,Belbari,Nagarpalika,524 1 05 3 003,43
Sudurpaschim Province,7,Kanchanpur,72,Beldandi,Gaunpalika,524 7 72 4 001,731
Province 2,2,Saptari,15,Belhi,Chapena,524 2 15 4 006,142
Bagmati Province,3,Nuwakot,28,Belkotgadhi,Nagarpalika,524 3 28 3 002,301
Gandaki Province,4,Myagdi,44,Beni,Nagarpalika,524 4 44 3 001,458
Bagmati Province,3,Dhading,30,Benighat,Rorang,524 3 30 4 008,320
Gandaki Province,4,Lamjung,37,Besishahar,Nagarpalika,524 4 37 3 002,414
Bagmati Province,3,Kabhrepalanchok,24,Bethanchowk,Gaunpalika,524 3 24 4 003,268
Province 1,1,Jhapa,4,Bhadrapur,Nagarpalika,524 1 04 3 008,30
Province 2,2,Siraha,16,Bhagawanpur,Gaunpalika,524 2 16 4 009,162
Karnali Province,6,Dailekh,61,Bhagawatimai,Gaunpalika,524 6 61 4 007,619
Sudurpaschim Province,7,Dadeldhura,73,Bhageshwar,Gaunpalika,524 7 73 4 001,742
Karnali Province,6,Dailekh,61,Bhairabi,Gaunpalika,524 6 61 4 002,620
Sudurpaschim Province,7,Kailali,71,Bhajani,Nagarpalika,524 7 71 3 004,717
Bagmati Province,3,Bhaktapur,26,Bhaktapur,Nagarpalika,524 3 26 3 003,286
Province 2,2,Mahottari,18,Bhangaha,Nagarpalika,524 2 18 3 004,197
Gandaki Province,4,Tanahu,40,Bhanu,Nagarpalika,524 4 40 3 003,424
Bagmati Province,3,Chitawan,35,Bharatpur,Mahanagarpalika,524 3 35 1 001,395
Karnali Province,6,Jajarkot,60,Bheri,Nagarpalika,524 6 60 3 002,630
Karnali Province,6,Surkhet,59,Bheriganga,Nagarpalika,524 6 59 3 002,610
Gandaki Province,4,Tanahu,40,Bhimad,Nagarpalika,524 4 40 3 004,425
Sudurpaschim Province,7,Kanchanpur,72,Bhimdatta,Nagarpalika,524 7 72 3 002,732
Bagmati Province,3,Dolakha,22,Bhimeshwor,Nagarpalika,524 3 22 3 001,247
Bagmati Province,3,Makawanpur,31,Bhimphedi,Gaunpalika,524 3 31 4 004,335
Gandaki Province,4,Gorkha,36,Bhimsen,Gaunpalika,524 4 36 4 007,405
Gandaki Province,4,Syangja,41,Bhirkot,Nagarpalika,524 4 41 3 002,434
Province 1,1,Bhojpur,10,Bhojpur,Nagarpalika,524 1 10 3 002,98
Province 1,1,Sunsari,6,Bhokraha,Gaunpalika,524 1 06 4 002,62
Bagmati Province,3,Sindhupalchok,23,Bhotekoshi,Gaunpalika,524 3 23 4 004,257
Province 1,1,Sankhuwasabha,9,Bhotkhola,Gaunpalika,524 1 09 4 002,86
Province 5,5,Rukum East,52,Bhume,Gaunpalika,524 5 52 4 003,775
Province 5,5,Arghakhanchi,50,Bhumekasthan,Nagarpalika,524 5 50 3 001,538
Bagmati Province,3,Kabhrepalanchok,24,Bhumlu,Gaunpalika,524 3 24 4 001,269
Province 2,2,Dhanusha,17,Bideha,Nagarpalika,524 2 17 3 010,178
Bagmati Province,3,Nuwakot,28,Bidur,Nagarpalika,524 3 28 3 001,302
Bagmati Province,3,Dolakha,22,Bigu,Gaunpalika,524 3 22 4 001,248
Gandaki Province,4,Parbat,42,Bihadi,Gaunpalika,524 4 42 4 003,464
Province 5,5,Kapilbastu,49,Bijayanagar,Gaunpalika,524 5 49 4 001,529
Gandaki Province,4,Nawalparasi East,47,Binayee,Tribeni,524 4 47 4 004,766
Province 2,2,Parsa,34,Bindabasini,Gaunpalika,524 2 34 4 010,381
Province 1,1,Morang,5,Biratnagar,Mahanagarpalika,524 1 05 1 001,44
Karnali Province,6,Surkhet,59,Birendranagar,Nagarpalika,524 6 59 3 003,611
Province 2,2,Parsa,34,Birgunj,Mahanagarpalika,524 2 34 1 001,382
Province 1,1,Jhapa,4,Birtamod,Nagarpalika,524 1 04 3 007,31
Gandaki Province,4,Syangja,41,Biruwa,Gaunpalika,524 4 41 4 004,435
Province 2,2,Sarlahi,19,Bishnu,Gaunpalika,524 2 19 4 008,213
Province 2,2,Saptari,15,Bishnupur,Gaunpalika,524 2 15 4 007,143
Province 2,2,Siraha,16,Bishnupur,Gaunpalika,524 2 16 4 002,163
Province 2,2,Bara,33,Bishrampur,Gaunpalika,524 2 33 4 004,365
Sudurpaschim Province,7,Bajhang,67,Bithadchir,Gaunpalika,524 7 67 4 004,682
Province 2,2,Saptari,15,Bode,Barsain,524 2 15 3 006,144
Sudurpaschim Province,7,Doti,70,Bogtan,Gaunpalika,524 7 70 4 007,708
Province 2,2,Sarlahi,19,Bramhapuri,Gaunpalika,524 2 19 4 007,214
Province 2,2,Rautahat,32,Brindaban,Nagarpalika,524 2 32 3 005,346
Province 5,5,Kapilbastu,49,Buddhabhumi,Nagarpalika,524 5 49 3 002,530
Province 1,1,Jhapa,4,Buddhashanti,Gaunpalika,524 1 04 4 002,32
Bagmati Province,3,Kathmandu,27,Budhanilakantha,Nagarpalika,524 3 27 3 003,290
Province 1,1,Morang,5,Budhiganga,Gaunpalika,524 1 05 4 004,45
Sudurpaschim Province,7,Bajura,68,Budhiganga,Nagarpalika,524 7 68 3 003,673
Sudurpaschim Province,7,Bajura,68,Budhinanda,Nagarpalika,524 7 68 3 001,674
Gandaki Province,4,Nawalparasi East,47,Bulingtar,Gaunpalika,524 4 47 4 002,767
Sudurpaschim Province,7,Bajhang,67,Bungal,Nagarpalika,524 7 67 3 001,683
Gandaki Province,4,Nawalparasi East,47,Bungdikali,Gaunpalika,524 4 47 4 001,768
Province 5,5,Rupandehi,48,Butwal,Upamahanagarpalika,524 5 48 2 001,511
Sudurpaschim Province,7,Darchula,75,Byas,Gaunpalika,524 7 75 4 001,757
Gandaki Province,4,Tanahu,40,Byas,Nagarpalika,524 4 40 3 002,426
Sudurpaschim Province,7,Bajhang,67,Chabispathivera,Gaunpalika,524 7 67 4 007,684
Province 1,1,Sankhuwasabha,9,Chainpur,Nagarpalika,524 1 09 3 003,87
Province 2,2,Sarlahi,19,Chakraghatta,Gaunpalika,524 2 19 4 004,215
Gandaki Province,4,Manang,38,Chame,Gaunpalika,524 4 38 4 003,448
Province 1,1,Okhaldhunga,13,Champadevi,Gaunpalika,524 1 13 4 004,113
Karnali Province,6,Dailekh,61,Chamunda,Bindrasaini,524 6 61 3 002,621
Karnali Province,6,Jumla,63,Chandannath,Nagarpalika,524 6 63 3 001,644
Bagmati Province,3,Kathmandu,27,Chandragiri,Nagarpalika,524 3 27 3 008,291
Province 5,5,Gulmi,51,Chandrakot,Gaunpalika,524 5 51 4 006,482
Province 2,2,Sarlahi,19,Chandranagar,Gaunpalika,524 2 19 4 002,216
Province 2,2,Rautahat,32,Chandrapur,Nagarpalika,524 2 32 3 002,347
Bagmati Province,3,Bhaktapur,26,Changunarayan,Nagarpalika,524 3 26 3 002,287
Karnali Province,6,Humla,66,Chankheli,Gaunpalika,524 6 66 4 005,666
Gandaki Province,4,Syangja,41,Chapakot,Nagarpalika,524 4 41 3 005,436
Province 5,5,Gulmi,51,Chatrakot,Gaunpalika,524 5 51 4 007,483
Province 1,1,Dhankuta,7,Chaubise,Gaunpalika,524 1 07 4 004,73
Province 1,1,Udayapur,14,Chaudandigadhi,Nagarpalika,524 1 14 3 003,132
Karnali Province,6,Surkhet,59,Chaukune,Gaunpalika,524 6 59 4 001,612
Bagmati Province,3,Kabhrepalanchok,24,Chaurideurali,Gaunpalika,524 3 24 4 002,270
Karnali Province,6,Rukum West,77,Chaurjahari,Nagarpalika,524 6 52 3 002,566
Sudurpaschim Province,7,Achham,69,Chaurpati,Gaunpalika,524 7 69 4 001,696
Bagmati Province,3,Sindhupalchok,23,Chautara,Sangachok,524 3 23 3 002,258
Karnali Province,6,Dolpa,62,Chharka,Tangsong,524 6 62 4 006,636
Province 1,1,Terhathum,8,Chhathar,Gaunpalika,524 1 08 4 004,81
Province 1,1,Dhankuta,7,Chhathar,Jorpati,524 1 07 4 002,74
Province 5,5,Arghakhanchi,50,Chhatradev,Gaunpalika,524 5 50 4 002,539
Karnali Province,6,Salyan,53,Chhatreshwori,Gaunpalika,524 6 53 4 005,573
Karnali Province,6,Mugu,65,Chhayanath,Rara,524 6 65 3 001,661
Karnali Province,6,Jajarkot,60,Chhedagad,Nagarpalika,524 6 60 3 001,631
Sudurpaschim Province,7,Bajura,68,Chhededaha,Gaunpalika,524 7 68 4 003,675
Province 2,2,Saptari,15,Chhinnamasta,Gaunpalika,524 2 15 4 008,145
Province 2,2,Parsa,34,Chhipaharmai,Gaunpalika,524 2 34 4 007,383
Province 2,2,Dhanusha,17,Chhireshwornath,Nagarpalika,524 2 17 3 003,179
Province 1,1,Sankhuwasabha,9,Chichila,Gaunpalika,524 1 09 4 004,88
Karnali Province,6,Surkhet,59,Chingad,Gaunpalika,524 6 59 4 003,613
Province 1,1,Okhaldhunga,13,Chisankhugadhi,Gaunpalika,524 1 13 4 006,114
Province 2,2,Parsa,34,Chitwan,National Park,524 2 34 5 997,344
Bagmati Province,3,Makawanpur,31,Chitwan,National Park,524 3 31 5 997,402
Bagmati Province,3,Chitawan,35,Chitwan,National Park,524 3 35 5 997,774
Province 5,5,Nawalparasi East,47,Chitwan,National Park,524 4 47 5 997,394
Province 1,1,Ilam,3,Chulachuli,Gaunpalika,524 1 03 4 004,18
Gandaki Province,4,Gorkha,36,Chum,Nubri,524 4 36 4 001,406
Sudurpaschim Province,7,Kailali,71,Chure,Gaunpalika,524 7 71 4 001,718
Province 2,2,Saptari,15,Dakneshwori,Nagarpalika,524 2 15 3 007,146
Bagmati Province,3,Kathmandu,27,Dakshinkali,Nagarpalika,524 3 27 3 010,292
Gandaki Province,4,Mustang,45,Dalome,Gaunpalika,524 4 45 4 002,453
Province 1,1,Jhapa,4,Damak,Nagarpalika,524 1 04 3 001,33
Province 5,5,Dang,56,Dangisharan,Gaunpalika,524 5 56 4 002,583
Karnali Province,6,Salyan,53,Darma,Gaunpalika,524 6 53 4 002,574
Sudurpaschim Province,7,Baitadi,74,Dasharathchanda,Nagarpalika,524 7 74 3 001,746
Province 1,1,Ilam,3,Deumai,Nagarpalika,524 1 03 3 001,19
Gandaki Province,4,Nawalparasi East,47,Devchuli,Nagarpalika,524 4 47 3 003,769
Province 5,5,Rupandehi,48,Devdaha,Nagarpalika,524 5 48 3 002,512
Gandaki Province,4,Tanahu,40,Devghat,Gaunpalika,524 4 40 4 006,427
Province 2,2,Bara,33,Devtal,Gaunpalika,524 2 33 4 007,366
Province 2,2,Rautahat,32,Dewahhi,Gonahi,524 2 32 3 007,348
Province 1,1,Sunsari,6,Dewanganj,Gaunpalika,524 1 06 4 005,63
Sudurpaschim Province,7,Achham,69,Dhakari,Gaunpalika,524 7 69 4 005,697
Province 2,2,Dhanusha,17,Dhanauji,Gaunpalika,524 2 17 4 004,180
Sudurpaschim Province,7,Kailali,71,Dhangadhi,Upamahanagarpalika,524 7 71 2 001,719
Province 2,2,Siraha,16,Dhangadhimai,Nagarpalika,524 2 16 3 004,164
Province 2,2,Sarlahi,19,Dhankaul,Gaunpalika,524 2 19 4 003,217
Province 1,1,Dhankuta,7,Dhankuta,Nagarpalika,524 1 07 3 003,75
Province 1,1,Morang,5,Dhanpalthan,Gaunpalika,524 1 05 4 008,46
Province 2,2,Dhanusha,17,Dhanusadham,Nagarpalika,524 2 17 3 004,181
Province 1,1,Sunsari,6,Dharan,Upamahanagarpalika,524 1 06 2 001,64
Gandaki Province,4,Gorkha,36,Dharche,Gaunpalika,524 4 36 4 004,407
Province 1,1,Sankhuwasabha,9,Dharmadevi,Nagarpalika,524 1 09 3 004,89
Gandaki Province,4,Myagdi,44,Dhaulagiri,Gaunpalika,524 4 44 4 001,459
Province 2,2,Parsa,34,Dhobini,Gaunpalika,524 2 34 4 006,384
Karnali Province,6,Salyan,53,Dhorchaur,Gaunpalika,524 6 53 4 003,575
Gandaki Province,4,Baglung,43,Dhorpatan,Hunting,524 4 43 5 998,463
Gandaki Province,4,Myagdi,44,Dhorpatan,Hunting,524 4 44 5 998,481
Province 5,5,Rukum East,52,Dhorpatan,Hunting,524 5 52 5 998,778
Gandaki Province,4,Baglung,43,Dhorpatan,Nagarpalika,524 4 43 3 001,474
Bagmati Province,3,Kabhrepalanchok,24,Dhulikhel,Nagarpalika,524 3 24 3 003,271
Bagmati Province,3,Dhading,30,Dhunibesi,Nagarpalika,524 3 30 3 002,321
Province 5,5,Gulmi,51,Dhurkot,Gaunpalika,524 5 51 4 003,484
Sudurpaschim Province,7,Baitadi,74,Dilasaini,Gaunpalika,524 7 74 4 001,747
Sudurpaschim Province,7,Doti,70,Dipayal,Silgadi,524 7 70 3 002,709
Province 1,1,Khotang,12,Diprung,Gaunpalika,524 1 12 4 004,123
Sudurpaschim Province,7,Baitadi,74,Dogadakedar,Gaunpalika,524 7 74 4 002,748
Karnali Province,6,Dolpa,62,Dolpo,Buddha,524 6 62 4 003,637
Bagmati Province,3,Ramechhap,21,Doramba,Gaunpalika,524 3 21 4 002,238
Gandaki Province,4,Lamjung,37,Dordi,Gaunpalika,524 4 37 4 003,415
Province 1,1,Solukhumbu,11,Dudhkaushika,Gaunpalika,524 1 11 4 006,105
Province 1,1,Solukhumbu,11,Dudhkoshi,Gaunpalika,524 1 11 4 004,106
Bagmati Province,3,Sindhuli,20,Dudhouli,Nagarpalika,524 3 20 3 002,229
Gandaki Province,4,Lamjung,37,Dudhpokhari,Gaunpalika,524 4 37 4 004,416
Province 5,5,Banke,57,Duduwa,Gaunpalika,524 5 57 4 004,592
Province 1,1,Sunsari,6,Duhabi,Nagarpalika,524 1 06 3 004,65
Province 5,5,Rolpa,54,Duikholi,Gaunpalika,524 5 54 4 002,553
Karnali Province,6,Dailekh,61,Dullu,Nagarpalika,524 6 61 3 003,622
Karnali Province,6,Dailekh,61,Dungeshwor,Gaunpalika,524 6 61 4 006,623
Sudurpaschim Province,7,Darchula,75,Dunhu,Gaunpalika,524 7 75 4 002,758
Bagmati Province,3,Nuwakot,28,Dupcheshwar,Gaunpalika,524 3 28 4 008,303
Province 2,2,Rautahat,32,Durga,Bhagwati,524 2 32 4 002,349
Sudurpaschim Province,7,Bajhang,67,Durgathali,Gaunpalika,524 7 67 4 006,685
Province 2,2,Mahottari,18,Ekdanra,Gaunpalika,524 2 18 4 003,198
Province 1,1,Ilam,3,Fakphokthum,Gaunpalika,524 1 03 4 001,20
Province 1,1,Panchthar,2,Falelung,Gaunpalika,524 1 02 4 003,10
Province 1,1,Panchthar,2,Falgunanda,Gaunpalika,524 1 02 4 005,11
Province 5,5,Dang,56,Gadhawa,Gaunpalika,524 5 56 4 006,584
Province 1,1,Sunsari,6,Gadhi,Gaunpalika,524 1 06 4 003,66
Province 2,2,Rautahat,32,Gadhimai,Nagarpalika,524 2 32 3 009,350
Province 5,5,Rupandehi,48,Gaidahawa,Gaunpalika,524 5 48 4 003,513
Gandaki Province,4,Nawalparasi East,47,Gaidakot,Nagarpalika,524 4 47 3 004,770
Bagmati Province,3,Dhading,30,Gajuri,Gaunpalika,524 3 30 4 009,322
Bagmati Province,3,Dhading,30,Galchi,Gaunpalika,524 3 30 4 010,323
Gandaki Province,4,Baglung,43,Galkot,Nagarpalika,524 4 43 3 002,475
Gandaki Province,4,Syangja,41,Galyang,Nagarpalika,524 4 41 3 003,437
Sudurpaschim Province,7,Dadeldhura,73,Ganayapdhura,Gaunpalika,524 7 73 4 005,743
Gandaki Province,4,Gorkha,36,Gandaki,Gaunpalika,524 4 36 4 009,408
Province 2,2,Dhanusha,17,Ganeshman,Charnath,524 2 17 3 002,182
Bagmati Province,3,Dhading,30,Gangajamuna,Gaunpalika,524 3 30 4 002,324
Province 2,2,Rautahat,32,Garuda,Nagarpalika,524 2 32 3 008,351
Province 5,5,Pyuthan,55,Gaumukhi,Gaunpalika,524 5 55 4 002,545
Sudurpaschim Province,7,Bajura,68,Gaumul,Gaunpalika,524 7 68 4 002,676
Province 2,2,Rautahat,32,Gaur,Nagarpalika,524 2 32 3 015,352
Province 1,1,Jhapa,4,Gauradhaha,Nagarpalika,524 1 04 3 006,34
Sudurpaschim Province,7,Kailali,71,Gauriganga,Nagarpalika,524 7 71 3 002,720
Province 1,1,Jhapa,4,Gauriganj,Gaunpalika,524 1 04 4 003,35
Bagmati Province,3,Dolakha,22,Gaurishankar,Gaunpalika,524 3 22 4 002,249
Province 2,2,Mahottari,18,Gaushala,Nagarpalika,524 2 18 3 002,199
Province 5,5,Bardiya,58,Geruwa,Gaunpalika,524 5 58 4 001,603
Bagmati Province,3,Sindhuli,20,Ghanglekh,Gaunpalika,524 3 20 4 003,230
Gandaki Province,4,Mustang,45,Gharapjhong,Gaunpalika,524 4 45 4 004,454
Gandaki Province,4,Tanahu,40,Ghiring,Gaunpalika,524 4 40 4 002,428
Sudurpaschim Province,7,Kailali,71,Ghodaghodi,Nagarpalika,524 7 71 3 003,721
Province 5,5,Dang,56,Ghorahi,Upamahanagarpalika,524 5 56 2 002,585
Province 2,2,Sarlahi,19,Godaita,Nagarpalika,524 2 19 3 008,218
Bagmati Province,3,Lalitpur,25,Godawari,Nagarpalika,524 3 25 3 001,281
Sudurpaschim Province,7,Kailali,71,Godawari,Nagarpalika,524 7 71 3 001,722
Bagmati Province,3,Kathmandu,27,Gokarneshwor,Nagarpalika,524 3 27 3 004,293
Bagmati Province,3,Ramechhap,21,Gokulganga,Gaunpalika,524 3 21 4 003,239
Bagmati Province,3,Sindhuli,20,Golanjor,Gaunpalika,524 3 20 4 005,231
Province 2,2,Siraha,16,Golbazar,Nagarpalika,524 2 16 3 003,165
Gandaki Province,4,Gorkha,36,Gorkha,Nagarpalika,524 4 36 3 002,409
Bagmati Province,3,Rasuwa,29,Gosaikunda,Gaunpalika,524 3 29 4 002,315
Province 1,1,Morang,5,Gramthan,Gaunpalika,524 1 05 4 005,47
Province 2,2,Rautahat,32,Gujara,Nagarpalika,524 2 32 3 001,353
Province 5,5,Bardiya,58,Gulariya,Nagarpalika,524 5 58 3 004,604
Province 5,5,Gulmi,51,Gulmidarbar,Gaunpalika,524 5 51 4 005,485
Karnali Province,6,Dailekh,61,Gurans,Gaunpalika,524 6 61 4 005,624
Karnali Province,6,Surkhet,59,Gurbhakot,Nagarpalika,524 6 59 3 005,614
Karnali Province,6,Jumla,63,Guthichaur,Gaunpalika,524 6 63 4 007,645
Province 1,1,Jhapa,4,Haldibari,Gaunpalika,524 1 04 4 006,36
Province 1,1,Khotang,12,Halesi,Tuwachung,524 1 12 3 001,124
Province 2,2,Dhanusha,17,Hansapur,Nagarpalika,524 2 17 3 007,183
Province 2,2,Saptari,15,Hanumannagar,Kankalini,524 2 15 3 009,147
Bagmati Province,3,Sindhuli,20,Hariharpurgadhi,Gaunpalika,524 3 20 4 001,232
Province 1,1,Sunsari,6,Harinagara,Gaunpalika,524 1 06 4 004,67
Gandaki Province,4,Syangja,41,Harinas,Gaunpalika,524 4 41 4 005,438
Province 2,2,Sarlahi,19,Haripur,Nagarpalika,524 2 19 3 005,219
Province 2,2,Sarlahi,19,Haripurwa,Nagarpalika,524 2 19 3 010,220
Province 2,2,Sarlahi,19,Hariwan,Nagarpalika,524 2 19 3 002,221
Province 1,1,Bhojpur,10,Hatuwagadhi,Gaunpalika,524 1 10 4 007,99
Bagmati Province,3,Sindhupalchok,23,Helambu,Gaunpalika,524 3 23 4 001,259
Bagmati Province,3,Makawanpur,31,Hetauda,Upamahanagarpalika,524 3 31 2 001,336
Province 1,1,Panchthar,2,Hilihang,Gaunpalika,524 1 02 4 001,12
Karnali Province,6,Jumla,63,Hima,Gaunpalika,524 6 63 4 004,646
Sudurpaschim Province,7,Bajura,68,Himali,Gaunpalika,524 7 68 4 001,677
Gandaki Province,4,Nawalparasi East,47,Hupsekot,Gaunpalika,524 4 47 4 003,771
Bagmati Province,3,Chitawan,35,Ichchhyakamana,Gaunpalika,524 3 35 4 001,396
Province 1,1,Ilam,3,Illam,Nagarpalika,524 1 03 3 002,21
Province 1,1,Sunsari,6,Inaruwa,Nagarpalika,524 1 06 3 003,68
Bagmati Province,3,Makawanpur,31,Indrasarowar,Gaunpalika,524 3 31 4 005,337
Bagmati Province,3,Sindhupalchok,23,Indrawati,Gaunpalika,524 3 23 4 005,260
Province 2,2,Rautahat,32,Ishanath,Nagarpalika,524 2 32 3 013,354
Province 2,2,Sarlahi,19,Ishworpur,Nagarpalika,524 2 19 3 006,222
Province 5,5,Gulmi,51,Isma,Gaunpalika,524 5 51 4 004,486
Province 1,1,Sunsari,6,Itahari,Upamahanagarpalika,524 1 06 2 002,69
Karnali Province,6,Dolpa,62,Jagadulla,Gaunpalika,524 6 62 4 002,638
Province 2,2,Parsa,34,Jagarnathpur,Gaunpalika,524 2 34 4 005,385
Province 1,1,Morang,5,Jahada,Gaunpalika,524 1 05 4 007,48
Gandaki Province,4,Baglung,43,Jaimuni,Nagarpalika,524 4 43 3 004,476
Province 2,2,Mahottari,18,Jaleswor,Nagarpalika,524 2 18 3 009,200
Gandaki Province,4,Parbat,42,Jaljala,Gaunpalika,524 4 42 4 001,465
Sudurpaschim Province,7,Kailali,71,Janaki,Gaunpalika,524 7 71 4 006,723
Province 2,2,Dhanusha,17,Janaknandani,Gaunpalika,524 2 17 4 006,184
Province 2,2,Dhanusha,17,Janakpur,Upamahanagarpalika,524 2 17 2 001,185
Province 5,5,Banke,57,Janki,Gaunpalika,524 5 57 4 003,593
Province 1,1,Khotang,12,Jantedhunga,Gaunpalika,524 1 12 4 008,125
Sudurpaschim Province,7,Bajhang,67,Jaya,Prithivi,524 7 67 3 002,686
Province 1,1,Jhapa,4,Jhapa,Gaunpalika,524 1 04 4 004,37
Province 5,5,Pyuthan,55,Jhimruk,Gaunpalika,524 5 55 4 003,546
Province 2,2,Parsa,34,Jirabhawani,Gaunpalika,524 2 34 4 002,386
Bagmati Province,3,Dolakha,22,Jiri,Nagarpalika,524 3 22 3 002,250
Province 2,2,Bara,33,Jitpur,Simara,524 2 33 2 001,367
Sudurpaschim Province,7,Doti,70,Jorayal,Gaunpalika,524 7 70 4 004,710
Sudurpaschim Province,7,Kailali,71,Joshipur,Gaunpalika,524 7 71 4 004,724
Bagmati Province,3,Sindhupalchok,23,Jugal,Gaunpalika,524 3 23 4 003,261
Karnali Province,6,Jajarkot,60,Junichande,Gaunpalika,524 6 60 4 001,632
Bagmati Province,3,Dhading,30,Jwalamukhi,Gaunpalika,524 3 30 4 006,325
Sudurpaschim Province,7,Doti,70,K,I,524 7 70 4 005,711
Province 2,2,Sarlahi,19,Kabilasi,Nagarpalika,524 2 19 3 007,223
Province 1,1,Jhapa,4,Kachankawal,Gaunpalika,524 1 04 4 007,38
Bagmati Province,3,Kathmandu,27,Kageshwori,Manahora,524 3 27 3 006,294
Karnali Province,6,Dolpa,62,Kaike,Gaunpalika,524 6 62 4 005,639
Sudurpaschim Province,7,Kailali,71,Kailari,Gaunpalika,524 7 71 4 002,725
Bagmati Province,3,Makawanpur,31,Kailash,Gaunpalika,524 3 31 4 003,338
Bagmati Province,3,Nuwakot,28,Kakani,Gaunpalika,524 3 28 4 009,304
Province 2,2,Bara,33,Kalaiya,Upamahanagarpalika,524 2 33 2 002,368
Gandaki Province,4,Syangja,41,Kaligandagi,Gaunpalika,524 4 41 4 006,439
Province 5,5,Gulmi,51,Kaligandaki,Gaunpalika,524 5 51 4 010,487
Bagmati Province,3,Rasuwa,29,Kalika,Gaunpalika,524 3 29 4 004,316
Karnali Province,6,Kalikot,64,Kalika,Gaunpalika,524 6 64 4 005,652
Bagmati Province,3,Chitawan,35,Kalika,Nagarpalika,524 3 35 3 001,397
Province 2,2,Parsa,34,Kalikamai,Gaunpalika,524 2 34 4 008,387
Karnali Province,6,Salyan,53,Kalimati,Gaunpalika,524 6 53 4 004,576
Bagmati Province,3,Dolakha,22,Kalinchok,Gaunpalika,524 3 22 4 003,251
Province 2,2,Siraha,16,Kalyanpur,Nagarpalika,524 2 16 3 006,166
Province 1,1,Jhapa,4,Kamal,Gaunpalika,524 1 04 4 001,39
Province 2,2,Dhanusha,17,Kamala,Nagarpalika,524 2 17 3 011,186
Bagmati Province,3,Sindhuli,20,Kamalamai,Nagarpalika,524 3 20 3 001,233
Sudurpaschim Province,7,Achham,69,Kamalbazar,Nagarpalika,524 7 69 3 003,698
Karnali Province,6,Jumla,63,Kanakasundari,Gaunpalika,524 6 63 4 001,647
Province 5,5,Rupandehi,48,Kanchan,Gaunpalika,524 5 48 4 001,514
Province 2,2,Saptari,15,Kanchanrup,Nagarpalika,524 2 15 3 005,148
Sudurpaschim Province,7,Bajhang,67,Kanda,Gaunpalika,524 7 67 4 001,687
Province 1,1,Morang,5,Kanepokhari,Gaunpalika,524 1 05 4 003,49
Province 1,1,Jhapa,4,Kankai,Nagarpalika,524 1 04 3 003,40
Gandaki Province,4,Baglung,43,Kanthekhola,Gaunpalika,524 4 43 4 005,477
Province 5,5,Kapilbastu,49,Kapilbastu,Nagarpalika,524 5 49 3 006,531
Karnali Province,6,Salyan,53,Kapurkot,Gaunpalika,524 6 53 4 007,577
Province 2,2,Bara,33,Karaiyamai,Gaunpalika,524 2 33 4 003,369
Province 2,2,Siraha,16,Karjanha,Nagarpalika,524 2 16 3 001,167
Province 1,1,Morang,5,Katahari,Gaunpalika,524 1 05 4 006,50
Province 2,2,Rautahat,32,Katahariya,Nagarpalika,524 2 32 3 004,355
Province 1,1,Udayapur,14,Katari,Nagarpalika,524 1 14 3 001,133
Bagmati Province,3,Kathmandu,27,Kathmandu,Mahanagarpalika,524 3 27 1 001,295
Province 2,2,Sarlahi,19,Kaudena,Gaunpalika,524 2 19 4 006,224
Gandaki Province,4,Nawalparasi East,47,Kawasoti,Nagarpalika,524 4 47 3 002,772
Sudurpaschim Province,7,Bajhang,67,Kedarseu,Gaunpalika,524 7 67 4 005,688
Province 1,1,Khotang,12,Kepilasagadhi,Gaunpalika,524 1 12 4 002,126
Province 1,1,Morang,5,Kerabari,Gaunpalika,524 1 05 4 001,51
Bagmati Province,3,Ramechhap,21,Khadadevi,Gaunpalika,524 3 21 4 005,240
Province 2,2,Saptari,15,Khadak,Nagarpalika,524 2 15 3 002,149
Bagmati Province,3,Chitawan,35,Khairahani,Nagarpalika,524 3 35 3 003,398
Province 5,5,Banke,57,Khajura,Gaunpalika,524 5 57 4 001,594
Province 1,1,Dhankuta,7,Khalsa,Chhintang,524 1 07 4 001,76
Karnali Province,6,Kalikot,64,Khandachakra,Nagarpalika,524 6 64 3 002,653
Province 1,1,Sankhuwasabha,9,Khandbari,Nagarpalika,524 1 09 3 001,90
Bagmati Province,3,Kabhrepalanchok,24,Khanikhola,Gaunpalika,524 3 24 4 006,272
Bagmati Province,3,Dhading,30,Khaniyabash,Gaunpalika,524 3 30 4 003,326
Sudurpaschim Province,7,Bajhang,67,Khaptad,National Park,524 7 67 5 997,681
Sudurpaschim Province,7,Bajura,68,Khaptad,National Park,524 7 68 5 997,694
Sudurpaschim Province,7,Achham,69,Khaptad,National Park,524 7 69 5 997,705
Sudurpaschim Province,7,Doti,70,Khaptad,National Park,524 7 70 5 997,715
Sudurpaschim Province,7,Bajhang,67,Khaptadchhanna,Gaunpalika,524 7 67 4 010,689
Karnali Province,6,Humla,66,Kharpunath,Gaunpalika,524 6 66 4 003,667
Karnali Province,6,Mugu,65,Khatyad,Gaunpalika,524 6 65 4 001,662
Province 1,1,Okhaldhunga,13,Khijidemba,Gaunpalika,524 1 13 4 001,115
Province 1,1,Khotang,12,Khotehang,Gaunpalika,524 1 12 4 006,127
Province 1,1,Solukhumbu,11,Khumbupasanglahmu,Gaunpalika,524 1 11 4 001,107
Bagmati Province,3,Kathmandu,27,Kirtipur,Nagarpalika,524 3 27 3 009,296
Bagmati Province,3,Nuwakot,28,Kispang,Gaunpalika,524 3 28 4 002,305
Province 5,5,Banke,57,Kohalpur,Nagarpalika,524 5 57 3 001,595
Province 2,2,Bara,33,Kolhabi,Nagarpalika,524 2 33 3 002,370
Bagmati Province,3,Lalitpur,25,Konjyosom,Gaunpalika,524 3 25 4 002,282
Province 1,1,Sunsari,6,Koshi,Gaunpalika,524 1 06 4 001,70
Province 1,1,Sunsari,6,Koshi,Tappu,524 1 06 5 995,72
Province 1,1,Udayapur,14,Koshi,Tappu,524 1 14 5 995,139
Province 2,2,Saptari,15,Koshi,Tappu,524 2 15 5 995,158
Province 5,5,Rupandehi,48,Kotahimai,Gaunpalika,524 5 48 4 008,515
Province 5,5,Kapilbastu,49,Krishnanagar,Nagarpalika,524 5 49 3 004,532
Sudurpaschim Province,7,Kanchanpur,72,Krishnapur,Nagarpalika,524 7 72 3 005,733
Karnali Province,6,Salyan,53,Kumakhmalika,Gaunpalika,524 6 53 4 001,578
Province 1,1,Panchthar,2,Kummayak,Gaunpalika,524 1 02 4 004,13
Karnali Province,6,Jajarkot,60,Kuse,Gaunpalika,524 6 60 4 002,633
Gandaki Province,4,Parbat,42,Kushma,Nagarpalika,524 4 42 3 001,466
Gandaki Province,4,Lamjung,37,Kwholasothar,Gaunpalika,524 4 37 4 001,417
Province 2,2,Siraha,16,Lahan,Nagarpalika,524 2 16 3 005,168
Province 2,2,Dhanusha,17,Lakshminiya,Gaunpalika,524 2 17 4 002,187
Province 2,2,Sarlahi,19,Lalbandi,Nagarpalika,524 2 19 3 003,225
Province 1,1,Terhathum,8,Laligurans,Nagarpalika,524 1 08 3 001,82
Bagmati Province,3,Lalitpur,25,Lalitpur,Mahanagarpalika,524 3 25 1 001,283
Sudurpaschim Province,7,Kanchanpur,72,Laljhadi,Gaunpalika,524 7 72 4 002,734
Province 5,5,Dang,56,Lamahi,Nagarpalika,524 5 56 3 001,586
Province 1,1,Khotang,12,Lamidanda,Gaunpalika,524 1 12 4 003,128
Sudurpaschim Province,7,Kailali,71,Lamkichuha,Nagarpalika,524 7 71 3 006,726
Bagmati Province,3,Nuwakot,28,Langtang,National,524 3 28 5 997,314
Province 2,2,Siraha,16,Laxmipur,Patari,524 2 16 4 006,169
Sudurpaschim Province,7,Darchula,75,Lekam,Gaunpalika,524 7 75 4 006,759
Karnali Province,6,Surkhet,59,Lekbeshi,Nagarpalika,524 6 59 3 004,615
Province 1,1,Morang,5,Letang,Nagarpalika,524 1 05 3 001,52
Province 1,1,Okhaldhunga,13,Likhu,Gaunpalika,524 1 13 4 002,116
Bagmati Province,3,Ramechhap,21,Likhu,Gaunpalika,524 3 21 4 006,241
Bagmati Province,3,Nuwakot,28,Likhu,Gaunpalika,524 3 28 4 006,306
Province 1,1,Solukhumbu,11,Likhupike,Gaunpalika,524 1 11 4 003,108
Bagmati Province,3,Sindhupalchok,23,Lisangkhu,Pakhar,524 3 23 4 009,262
Province 2,2,Mahottari,18,Loharpatti,Nagarpalika,524 2 18 3 008,201
Gandaki Province,4,Mustang,45,Lomanthang,Gaunpalika,524 4 45 4 001,455
Province 5,5,Rupandehi,48,Lumbini,Sanskritik,524 5 48 5 999,527
Province 5,5,Rupandehi,48,Lumbini,Sanskritik,524 5 48 3 004,516
Province 5,5,Rolpa,54,Lungri,Gaunpalika,524 5 54 4 008,554
Gandaki Province,4,Kaski,39,Machhapuchchhre,Gaunpalika,524 4 39 4 002,444
Province 5,5,Gulmi,51,Madane,Gaunpalika,524 5 51 4 001,488
Province 2,2,Rautahat,32,Madhav,Narayan,524 2 32 3 011,356
Province 5,5,Bardiya,58,Madhuwan,Nagarpalika,524 5 58 3 002,605
Gandaki Province,4,Lamjung,37,Madhya,Nepal,524 4 37 3 001,773
Gandaki Province,4,Nawalparasi East,47,Madhyabindu,Nagarpalika,524 4 47 3 001,418
Bagmati Province,3,Bhaktapur,26,Madhyapur,Thimi,524 3 26 3 001,288
Gandaki Province,4,Kaski,39,Madi,Gaunpalika,524 4 39 4 003,445
Province 5,5,Rolpa,54,Madi,Gaunpalika,524 5 54 4 004,555
Province 1,1,Sankhuwasabha,9,Madi,Nagarpalika,524 1 09 3 005,91
Bagmati Province,3,Chitawan,35,Madi,Nagarpalika,524 3 35 3 005,399
Bagmati Province,3,Kabhrepalanchok,24,Mahabharat,Gaunpalika,524 3 24 4 007,273
Karnali Province,6,Dailekh,61,Mahabu,Gaunpalika,524 6 61 4 003,625
Province 2,2,Saptari,15,Mahadeva,Gaunpalika,524 2 15 4 005,150
Province 2,2,Bara,33,Mahagadhimai,Nagarpalika,524 2 33 3 003,371
Sudurpaschim Province,7,Kanchanpur,72,Mahakali,Nagarpalika,524 7 72 3 001,735
Sudurpaschim Province,7,Darchula,75,Mahakali,Nagarpalika,524 7 75 3 001,760
Province 1,1,Solukhumbu,11,Mahakulung,Gaunpalika,524 1 11 4 002,109
Province 1,1,Dhankuta,7,Mahalaxmi,Nagarpalika,524 1 07 3 001,77
Bagmati Province,3,Lalitpur,25,Mahalaxmi,Nagarpalika,524 3 25 3 002,284
Bagmati Province,3,Lalitpur,25,Mahankal,Gaunpalika,524 3 25 4 003,285
Province 5,5,Kapilbastu,49,Maharajgunj,Nagarpalika,524 5 49 3 005,533
Gandaki Province,4,Parbat,42,Mahashila,Gaunpalika,524 4 42 4 004,467
Karnali Province,6,Kalikot,64,Mahawai,Gaunpalika,524 6 64 4 006,654
Province 2,2,Mahottari,18,Mahottari,Gaunpalika,524 2 18 4 004,202
Province 1,1,Ilam,3,Mai,Nagarpalika,524 1 03 3 004,22
Province 1,1,Ilam,3,Maijogmai,Gaunpalika,524 1 03 4 003,23
Province 1,1,Taplejung,1,Maiwakhola,Gaunpalika,524 1 01 4 005,2
Province 1,1,Sankhuwasabha,9,Makalu,Gaunpalika,524 1 09 4 001,92
Bagmati Province,3,Makawanpur,31,Makawanpurgadhi,Gaunpalika,524 3 31 4 006,339
Province 2,2,Sarlahi,19,Malangawa,Nagarpalika,524 2 19 3 009,226
Province 5,5,Arghakhanchi,50,Malarani,Gaunpalika,524 5 50 4 001,540
Gandaki Province,4,Myagdi,44,Malika,Gaunpalika,524 4 44 4 004,460
Province 5,5,Gulmi,51,Malika,Gaunpalika,524 5 51 4 002,489
Sudurpaschim Province,7,Darchula,75,Malikaarjun,Gaunpalika,524 7 75 4 004,761
Province 5,5,Pyuthan,55,Mallarani,Gaunpalika,524 5 55 4 005,547
Bagmati Province,3,Makawanpur,31,Manahari,Gaunpalika,524 3 31 4 001,340
Bagmati Province,3,Kabhrepalanchok,24,Mandandeupur,Nagarpalika,524 3 24 3 001,274
Province 5,5,Pyuthan,55,Mandavi,Gaunpalika,524 5 55 4 004,548
Province 1,1,Okhaldhunga,13,Manebhanjyang,Gaunpalika,524 1 13 4 007,117
Gandaki Province,4,Myagdi,44,Mangala,Gaunpalika,524 4 44 4 005,461
Sudurpaschim Province,7,Achham,69,Mangalsen,Nagarpalika,524 7 69 3 002,699
Province 1,1,Ilam,3,Mangsebung,Gaunpalika,524 1 03 4 005,24
Province 2,2,Mahottari,18,Manra,Siswa,524 2 18 3 006,203
Bagmati Province,3,Ramechhap,21,Manthali,Nagarpalika,524 3 21 3 001,242
Province 5,5,Rupandehi,48,Marchawari,Gaunpalika,524 5 48 4 010,517
Bagmati Province,3,Sindhuli,20,Marin,Gaunpalika,524 3 20 4 002,234
Sudurpaschim Province,7,Darchula,75,Marma,Gaunpalika,524 7 75 4 007,762
Gandaki Province,4,Lamjung,37,Marsyangdi,Gaunpalika,524 4 37 4 002,419
Sudurpaschim Province,7,Bajhang,67,Masta,Gaunpalika,524 7 67 4 008,690
Province 5,5,Palpa,46,Mathagadhi,Gaunpalika,524 5 46 4 004,495
Province 2,2,Mahottari,18,Matihani,Nagarpalika,524 2 18 3 010,204
Province 2,2,Rautahat,32,Maulapur,Nagarpalika,524 2 32 3 006,357
Province 5,5,Rupandehi,48,Mayadevi,Gaunpalika,524 5 48 4 005,518
Province 5,5,Kapilbastu,49,Mayadevi,Gaunpalika,524 5 49 4 003,534
Province 1,1,Jhapa,4,Mechinagar,Nagarpalika,524 1 04 3 005,41
Bagmati Province,3,Nuwakot,28,Meghang,Gaunpalika,524 3 28 4 001,307
Bagmati Province,3,Sindhupalchok,23,Melamchi,Nagarpalika,524 3 23 3 001,263
Sudurpaschim Province,7,Baitadi,74,Melauli,Nagarpalika,524 7 74 3 003,749
Sudurpaschim Province,7,Achham,69,Mellekh,Gaunpalika,524 7 69 4 002,700
Bagmati Province,3,Dolakha,22,Melung,Gaunpalika,524 3 22 4 006,252
Province 1,1,Terhathum,8,Menchayam,Gaunpalika,524 1 08 4 001,83
Province 1,1,Taplejung,1,Meringden,Gaunpalika,524 1 01 4 004,3
Province 1,1,Panchthar,2,Miklajung,Gaunpalika,524 1 02 4 007,14
Province 1,1,Morang,5,Miklajung,Gaunpalika,524 1 05 4 002,53
Province 1,1,Taplejung,1,Mikwakhola,Gaunpalika,524 1 01 4 002,4
Province 2,2,Siraha,16,Mirchaiya,Nagarpalika,524 2 16 3 002,170
Province 2,2,Dhanusha,17,Mithila,Bihari,524 2 17 3 005,189
Province 2,2,Dhanusha,17,Mithila,Nagarpalika,524 2 17 3 001,188
Gandaki Province,4,Parbat,42,Modi,Gaunpalika,524 4 42 4 002,468
Sudurpaschim Province,7,Kailali,71,Mohanyal,Gaunpalika,524 7 71 4 003,727
Province 1,1,Okhaldhunga,13,Molung,Gaunpalika,524 1 13 4 003,118
Karnali Province,6,Dolpa,62,Mudkechula,Gaunpalika,524 6 62 4 004,640
Karnali Province,6,Mugu,65,Mugum,Karmarong,524 6 65 4 003,663
Province 2,2,Dhanusha,17,Mukhiyapatti,Musarmiya,524 2 17 4 005,190
Province 5,5,Gulmi,51,Musikot,Nagarpalika,524 5 51 3 001,490
Karnali Province,6,Rukum West,77,Musikot,Nagarpalika,524 6 52 3 003,568
Gandaki Province,4,Tanahu,40,Myagde,Gaunpalika,524 4 40 4 001,429
Province 1,1,Terhathum,8,Myanglung,Nagarpalika,524 1 08 3 002,84
Province 2,2,Dhanusha,17,Nagarain,Nagarpalika,524 2 17 3 009,191
Bagmati Province,3,Kathmandu,27,Nagarjun,Nagarpalika,524 3 27 3 005,297
Karnali Province,6,Humla,66,Namkha,Gaunpalika,524 6 66 4 001,668
Bagmati Province,3,Kabhrepalanchok,24,Namobuddha,Nagarpalika,524 3 24 3 006,275
Province 2,2,Siraha,16,Naraha,Gaunpalika,524 2 16 4 001,171
Karnali Province,6,Kalikot,64,Naraharinath,Gaunpalika,524 6 64 4 001,655
Province 5,5,Banke,57,Narainapur,Gaunpalika,524 5 57 4 006,596
Karnali Province,6,Dailekh,61,Narayan,Nagarpalika,524 6 61 3 004,626
Gandaki Province,4,Manang,38,Narphu,Gaunpalika,524 4 38 4 002,449
Gandaki Province,4,Manang,38,Nashong,Gaunpalika,524 4 38 4 004,450
Province 5,5,Pyuthan,55,Naubahini,Gaunpalika,524 5 55 4 001,549
Sudurpaschim Province,7,Darchula,75,Naugad,Gaunpalika,524 7 75 4 005,763
Bagmati Province,3,Rasuwa,29,Naukunda,Gaunpalika,524 3 29 4 005,317
Karnali Province,6,Dailekh,61,Naumule,Gaunpalika,524 6 61 4 004,627
Sudurpaschim Province,7,Dadeldhura,73,Nawadurga,Gaunpalika,524 7 73 4 003,744
Province 2,2,Siraha,16,Nawarajpur,Gaunpalika,524 2 16 4 007,172
Province 1,1,Solukhumbu,11,Nechasalyan,Gaunpalika,524 1 11 4 005,110
Province 5,5,Banke,57,Nepalgunj,Upamahanagarpalika,524 5 57 2 001,597
Gandaki Province,4,Manang,38,Neshyang,Gaunpalika,524 4 38 4 001,451
Bagmati Province,3,Dhading,30,Netrawati,Gaunpalika,524 3 30 4 005,327
Province 2,2,Bara,33,Nijgadh,Nagarpalika,524 2 33 3 001,372
Bagmati Province,3,Dhading,30,Nilakantha,Nagarpalika,524 3 30 3 001,328
Province 5,5,Palpa,46,Nisdi,Gaunpalika,524 5 46 4 008,496
Gandaki Province,4,Baglung,43,Nisikhola,Gaunpalika,524 4 43 4 001,478
Province 5,5,Rupandehi,48,Omsatiya,Gaunpalika,524 5 48 4 006,519
Karnali Province,6,Kalikot,64,Pachaljharana,Gaunpalika,524 6 64 4 003,656
Province 2,2,Bara,33,Pacharauta,Nagarpalika,524 2 33 3 004,373
Gandaki Province,4,Parbat,42,Painyu,Gaunpalika,524 4 42 4 005,469
Province 2,2,Parsa,34,Pakahamainpur,Gaunpalika,524 2 34 4 009,388
Province 1,1,Dhankuta,7,Pakhribas,Nagarpalika,524 1 07 3 002,78
Karnali Province,6,Kalikot,64,Palata,Gaunpalika,524 6 64 4 004,657
Province 5,5,Nawalparasi West,76,Palhi,Nandan,524 5 47 4 001,505
Gandaki Province,4,Gorkha,36,Palungtar,Nagarpalika,524 4 36 3 001,410
Bagmati Province,3,Kabhrepalanchok,24,Panauti,Nagarpalika,524 3 24 3 005,276
Sudurpaschim Province,7,Achham,69,Panchadewal,Binayak,524 7 69 3 004,701
Bagmati Province,3,Nuwakot,28,Panchakanya,Gaunpalika,524 3 28 4 007,308
Province 1,1,Sankhuwasabha,9,Panchakhapan,Nagarpalika,524 1 09 3 002,93
Sudurpaschim Province,7,Baitadi,74,Pancheshwar,Gaunpalika,524 7 74 4 004,750
Bagmati Province,3,Kabhrepalanchok,24,Panchkhal,Nagarpalika,524 3 24 3 004,277
Bagmati Province,3,Sindhupalchok,23,Panchpokhari,Thangpal,524 3 23 4 002,264
Karnali Province,6,Surkhet,59,Panchpuri,Nagarpalika,524 6 59 3 001,616
Sudurpaschim Province,7,Bajura,68,Pandav,Gupha,524 7 68 4 004,678
Province 5,5,Arghakhanchi,50,Panini,Gaunpalika,524 5 50 4 003,541
Sudurpaschim Province,7,Dadeldhura,73,Parashuram,Nagarpalika,524 7 73 3 001,745
Bagmati Province,3,Rasuwa,29,Parbati,Kunda,524 3 29 4 001,318
Province 2,2,Rautahat,32,Paroha,Nagarpalika,524 2 32 3 012,358
Province 2,2,Sarlahi,19,Parsa,Gaunpalika,524 2 19 4 009,227
Province 2,2,Bara,33,Parsa,Wildlife,524 2 33 5 995,343
Province 2,2,Parsa,34,Parsa,Wildlife,524 2 34 5 995,379
Bagmati Province,3,Makawanpur,31,Parsa,Wildlife,524 3 31 5 995,0
Province 2,2,Parsa,34,Parsagadhi,Nagarpalika,524 2 34 3 003,389
Province 2,2,Bara,33,Parwanipur,Gaunpalika,524 2 33 4 001,374
Province 1,1,Morang,5,Patahrishanishchare,Nagarpalika,524 1 05 3 004,54
Sudurpaschim Province,7,Baitadi,74,Patan,Nagarpalika,524 7 74 3 004,751
Province 2,2,Parsa,34,Paterwasugauli,Gaunpalika,524 2 34 4 003,390
Karnali Province,6,Jumla,63,Patrasi,Gaunpalika,524 6 63 4 003,648
Province 1,1,Bhojpur,10,Pauwadungma,Gaunpalika,524 1 10 4 005,100
Province 1,1,Taplejung,1,Phaktanglung,Gaunpalika,524 1 01 4 001,5
Gandaki Province,4,Parbat,42,Phalebas,Nagarpalika,524 4 42 3 002,470
Province 2,2,Rautahat,32,Phatuwa,Bijayapur,524 2 32 3 003,359
Province 1,1,Terhathum,8,Phedap,Gaunpalika,524 1 08 4 002,85
Gandaki Province,4,Syangja,41,Phedikhola,Gaunpalika,524 4 41 4 002,440
Province 2,2,Bara,33,Pheta,Gaunpalika,524 2 33 4 005,375
Province 1,1,Panchthar,2,Phidim,Nagarpalika,524 1 02 3 001,15
Bagmati Province,3,Sindhuli,20,Phikkal,Gaunpalika,524 3 20 4 007,235
Province 1,1,Taplejung,1,Phungling,Nagarpalika,524 1 01 3 001,6
Province 2,2,Mahottari,18,Pipra,Gaunpalika,524 2 18 4 005,205
Gandaki Province,4,Kaski,39,Pokhara,Lekhnath,524 4 39 1 001,446
Province 2,2,Parsa,34,Pokhariya,Nagarpalika,524 2 34 3 001,391
Province 2,2,Bara,33,Prasauni,Gaunpalika,524 2 33 4 002,376
Province 5,5,Nawalparasi West,76,Pratappur,Gaunpalika,524 5 47 4 003,506
Sudurpaschim Province,7,Kanchanpur,72,Punarbas,Nagarpalika,524 7 72 3 007,736
Province 5,5,Palpa,46,Purbakhola,Gaunpalika,524 5 46 4 006,497
Sudurpaschim Province,7,Doti,70,Purbichauki,Gaunpalika,524 7 70 4 003,712
Sudurpaschim Province,7,Baitadi,74,Purchaudi,Nagarpalika,524 7 74 3 002,752
Gandaki Province,4,Syangja,41,Putalibazar,Nagarpalika,524 4 41 3 001,441
Province 5,5,Rukum East,52,Putha,Uttarganga,524 5 52 4 002,776
Province 5,5,Pyuthan,55,Pyuthan,Nagarpalika,524 5 55 3 002,550
Gandaki Province,4,Myagdi,44,Raghuganga,Gaunpalika,524 4 44 4 002,462
Province 5,5,Palpa,46,Rainadevi,Chhahara,524 5 46 4 001,498
Gandaki Province,4,Lamjung,37,Rainas,Nagarpalika,524 4 37 3 004,420
Province 5,5,Bardiya,58,Rajapur,Nagarpalika,524 5 58 3 001,606
Province 2,2,Saptari,15,Rajbiraj,Nagarpalika,524 2 15 3 008,151
Province 2,2,Rautahat,32,Rajdevi,Nagarpalika,524 2 32 3 016,360
Province 5,5,Dang,56,Rajpur,Gaunpalika,524 5 56 4 004,587
Province 2,2,Rautahat,32,Rajpur,Nagarpalika,524 2 32 3 014,361
Bagmati Province,3,Makawanpur,31,Raksirang,Gaunpalika,524 3 31 4 002,341
Sudurpaschim Province,7,Achham,69,Ramaroshan,Gaunpalika,524 7 69 4 004,702
Province 5,5,Palpa,46,Rambha,Gaunpalika,524 5 46 4 007,499
Province 1,1,Sunsari,6,Ramdhuni,Nagarpalika,524 1 06 3 002,71
Bagmati Province,3,Ramechhap,21,Ramechhap,Nagarpalika,524 3 21 3 002,243
Province 2,2,Mahottari,18,Ramgopalpur,Nagarpalika,524 2 18 3 005,206
Province 5,5,Nawalparasi West,76,Ramgram,Nagarpalika,524 5 47 3 003,507
Province 2,2,Sarlahi,19,Ramnagar,Gaunpalika,524 2 19 4 005,228
Province 1,1,Bhojpur,10,Ramprasad,Rai,524 1 10 4 004,101
Province 5,5,Palpa,46,Rampur,Nagarpalika,524 5 46 3 002,500
Province 1,1,Morang,5,Rangeli,Nagarpalika,524 1 05 3 006,55
Province 5,5,Dang,56,Rapti,Gaunpalika,524 5 56 4 007,588
Bagmati Province,3,Chitawan,35,Rapti,Nagarpalika,524 3 35 3 004,400
Province 5,5,Banke,57,Rapti,Sonari,524 5 57 4 005,598
Karnali Province,6,Kalikot,64,Raskot,Nagarpalika,524 6 64 3 001,658
Bagmati Province,3,Chitawan,35,Ratnanagar,Nagarpalika,524 3 35 3 002,401
Province 1,1,Morang,5,Ratuwamai,Nagarpalika,524 1 05 3 008,56
Province 1,1,Udayapur,14,Rautamai,Gaunpalika,524 1 14 4 004,134
Province 5,5,Gulmi,51,Resunga,Nagarpalika,524 5 51 3 002,491
Gandaki Province,4,Tanahu,40,Rhishing,Gaunpalika,524 4 40 4 003,430
Province 5,5,Palpa,46,Ribdikot,Gaunpalika,524 5 46 4 003,501
Province 5,5,Rupandehi,48,Rohini,Gaunpalika,524 5 48 4 007,520
Province 5,5,Rolpa,54,Rolpa,Nagarpalika,524 5 54 3 001,557
Province 1,1,Ilam,3,Rong,Gaunpalika,524 1 03 4 006,25
Bagmati Province,3,Kabhrepalanchok,24,Roshi,Gaunpalika,524 3 24 4 004,278
Bagmati Province,3,Dhading,30,Rubi,Valley,524 3 30 4 001,329
Province 5,5,Rolpa,54,Runtigadi,Gaunpalika,524 5 54 4 009,558
Gandaki Province,4,Kaski,39,Rupa,Gaunpalika,524 4 39 4 004,447
Province 1,1,Khotang,12,Rupakot,Majhuwagadhi,524 1 12 3 002,129
Province 2,2,Saptari,15,Rupani,Gaunpalika,524 2 15 4 001,152
Province 5,5,Gulmi,51,Ruru,Gaunpalika,524 5 51 4 008,492
Province 2,2,Dhanusha,17,Sabaila,Nagarpalika,524 2 17 3 006,192
Province 1,1,Sankhuwasabha,9,Sabhapokhari,Gaunpalika,524 1 09 4 005,94
Gandaki Province,4,Gorkha,36,Sahid,Lakhan,524 4 36 4 008,411
Province 2,2,Dhanusha,17,Sahidnagar,Nagarpalika,524 2 17 3 008,193
Bagmati Province,3,Dolakha,22,Sailung,Gaunpalika,524 3 22 4 005,253
Province 5,5,Rupandehi,48,Sainamaina,Nagarpalika,524 5 48 3 001,521
Province 1,1,Khotang,12,Sakela,Gaunpalika,524 1 12 4 005,130
Province 2,2,Parsa,34,Sakhuwa,Prasauni,524 2 34 4 004,392
Province 2,2,Siraha,16,Sakhuwanankarkatti,Gaunpalika,524 2 16 4 008,173
Province 1,1,Bhojpur,10,Salpasilichho,Gaunpalika,524 1 10 4 001,102
Province 5,5,Rupandehi,48,Sammarimai,Gaunpalika,524 5 48 4 009,522
Province 2,2,Mahottari,18,Samsi,Gaunpalika,524 2 18 4 002,207
Province 1,1,Ilam,3,Sandakpur,Gaunpalika,524 1 03 4 002,26
Province 5,5,Arghakhanchi,50,Sandhikharka,Nagarpalika,524 5 50 3 002,542
Province 1,1,Dhankuta,7,Sangurigadhi,Gaunpalika,524 1 07 4 003,79
Karnali Province,6,Rukum West,77,Sani,Bheri,524 6 52 4 001,569
Karnali Province,6,Kalikot,64,Sanni,Tribeni,524 6 64 4 002,659
Sudurpaschim Province,7,Achham,69,Sanphebagar,Nagarpalika,524 7 69 3 001,703
Province 2,2,Saptari,15,Saptakoshi,Nagarpalika,524 2 15 3 004,153
Province 5,5,Nawalparasi West,76,Sarawal,Gaunpalika,524 5 47 4 002,508
Karnali Province,6,Humla,66,Sarkegad,Gaunpalika,524 6 66 4 004,669
Province 5,5,Pyuthan,55,Sarumarani,Gaunpalika,524 5 55 4 006,551
Province 5,5,Gulmi,51,Satyawati,Gaunpalika,524 5 51 4 009,493
Sudurpaschim Province,7,Doti,70,Sayal,Gaunpalika,524 7 70 4 002,713
Province 1,1,Bhojpur,10,Shadananda,Nagarpalika,524 1 10 3 001,103
Sudurpaschim Province,7,Darchula,75,Shailyashikhar,Nagarpalika,524 7 75 3 002,764
Province 2,2,Saptari,15,Shambhunath,Nagarpalika,524 2 15 3 003,154
Bagmati Province,3,Kathmandu,27,Shankharapur,Nagarpalika,524 3 27 3 007,298
Province 5,5,Dang,56,Shantinagar,Gaunpalika,524 5 56 4 003,589
Karnali Province,6,Salyan,53,Sharada,Nagarpalika,524 6 53 3 003,579
Karnali Province,6,Dolpa,62,Shey,Phoksundo,524 6 62 4 001,641
Sudurpaschim Province,7,Doti,70,Shikhar,Nagarpalika,524 7 70 3 001,714
Sudurpaschim Province,7,Baitadi,74,Shivanath,Gaunpalika,524 7 74 4 005,753
Bagmati Province,3,Nuwakot,28,Shivapuri,Gaunpalika,524 3 28 4 010,309
Bagmati Province,3,Nuwakot,28,Shivapuri,Watershed,524 3 28 5 996,313
Province 5,5,Kapilbastu,49,Shivaraj,Nagarpalika,524 5 49 3 001,535
Province 1,1,Jhapa,4,Shivasataxi,Nagarpalika,524 1 04 3 002,42
Karnali Province,6,Jajarkot,60,Shiwalaya,Gaunpalika,524 6 60 4 004,634
Gandaki Province,4,Tanahu,40,Shuklagandaki,Nagarpalika,524 4 40 3 001,431
Sudurpaschim Province,7,Kanchanpur,72,Shuklaphanta,Nagarpalika,524 7 72 3 004,737
Sudurpaschim Province,7,Kanchanpur,72,Shuklaphanta,National,524 7 72 5 997,738
Bagmati Province,3,Dhading,30,Siddhalek,Gaunpalika,524 3 30 4 007,330
Province 5,5,Rupandehi,48,Siddharthanagar,Nagarpalika,524 5 48 3 005,523
Province 1,1,Okhaldhunga,13,Siddhicharan,Nagarpalika,524 1 13 3 001,119
Province 1,1,Taplejung,1,Sidingba,Gaunpalika,524 1 01 4 008,7
Sudurpaschim Province,7,Baitadi,74,Sigas,Gaunpalika,524 7 74 4 006,754
Province 1,1,Sankhuwasabha,9,Silichong,Gaunpalika,524 1 09 4 003,95
Karnali Province,6,Humla,66,Simkot,Gaunpalika,524 6 66 4 002,670
Province 2,2,Bara,33,Simraungadh,Nagarpalika,524 2 33 3 005,377
Karnali Province,6,Surkhet,59,Simta,Gaunpalika,524 6 59 4 004,617
Karnali Province,6,Jumla,63,Sinja,Gaunpalika,524 6 63 4 002,649
Province 2,2,Siraha,16,Siraha,Nagarpalika,524 2 16 3 008,174
Gandaki Province,4,Gorkha,36,Siranchok,Gaunpalika,524 4 36 4 005,412
Province 1,1,Taplejung,1,Sirijangha,Gaunpalika,524 1 01 4 003,8
Province 5,5,Rukum East,52,Sisne,Gaunpalika,524 5 52 4 001,777
Province 5,5,Arghakhanchi,50,Sitganga,Nagarpalika,524 5 50 3 003,543
Province 5,5,Rupandehi,48,Siyari,Gaunpalika,524 5 48 4 004,524
Province 1,1,Solukhumbu,11,Solududhakunda,Nagarpalika,524 1 11 3 001,111
Province 2,2,Mahottari,18,Sonama,Gaunpalika,524 2 18 4 001,208
Karnali Province,6,Mugu,65,Soru,Gaunpalika,524 6 65 4 002,664
Province 1,1,Solukhumbu,11,Sotang,Gaunpalika,524 1 11 4 007,112
Province 5,5,Kapilbastu,49,Suddhodhan,Gaunpalika,524 5 49 4 004,536
Province 5,5,Rupandehi,48,Sudhdhodhan,Gaunpalika,524 5 48 4 002,525
Province 2,2,Siraha,16,Sukhipur,Nagarpalika,524 2 16 3 007,175
Province 5,5,Rolpa,54,Sukidaha,Gaunpalika,524 5 54 4 001,559
Gandaki Province,4,Gorkha,36,Sulikot,Gaunpalika,524 4 36 4 003,413
Bagmati Province,3,Ramechhap,21,Sunapati,Gaunpalika,524 3 21 4 001,244
Province 5,5,Rolpa,54,Sunchhahari,Gaunpalika,524 5 54 4 005,560
Gandaki Province,4,Lamjung,37,Sundarbazar,Nagarpalika,524 4 37 3 003,421
Province 1,1,Morang,5,Sundarharaicha,Nagarpalika,524 1 05 3 002,57
Province 1,1,Okhaldhunga,13,Sunkoshi,Gaunpalika,524 1 13 4 005,120
Province 1,1,Udayapur,14,Sunkoshi,Gaunpalika,524 1 14 4 002,135
Bagmati Province,3,Sindhuli,20,Sunkoshi,Gaunpalika,524 3 20 4 004,236
Bagmati Province,3,Sindhupalchok,23,Sunkoshi,Gaunpalika,524 3 23 4 007,265
Province 5,5,Nawalparasi West,76,Sunwal,Nagarpalika,524 5 47 3 001,509
Province 1,1,Morang,5,Sunwarshi,Nagarpalika,524 1 05 3 007,58
Sudurpaschim Province,7,Bajhang,67,Surma,Gaunpalika,524 7 67 4 002,691
Sudurpaschim Province,7,Baitadi,74,Surnaya,Gaunpalika,524 7 74 4 003,755
Province 2,2,Saptari,15,Surunga,Nagarpalika,524 2 15 3 001,155
Bagmati Province,3,Bhaktapur,26,Suryabinayak,Nagarpalika,524 3 26 3 004,289
Bagmati Province,3,Nuwakot,28,Suryagadhi,Gaunpalika,524 3 28 4 004,310
Province 1,1,Ilam,3,Suryodaya,Nagarpalika,524 1 03 3 003,27
Province 5,5,Nawalparasi West,76,Susta,Gaunpalika,524 5 47 4 004,510
Province 2,2,Bara,33,Suwarna,Gaunpalika,524 2 33 4 008,378
Province 5,5,Rolpa,54,Suwarnabati,Gaunpalika,524 5 54 4 007,561
Sudurpaschim Province,7,Bajura,68,Swami,Kartik,524 7 68 4 005,679
Province 5,5,Pyuthan,55,Sworgadwary,Nagarpalika,524 5 55 3 001,552
Bagmati Province,3,Nuwakot,28,Tadi,Gaunpalika,524 3 28 4 005,311
Sudurpaschim Province,7,Bajhang,67,Talkot,Gaunpalika,524 7 67 4 003,692
Bagmati Province,3,Dolakha,22,Tamakoshi,Gaunpalika,524 3 22 4 007,254
Gandaki Province,4,Baglung,43,Taman,Khola,524 4 43 4 002,479
Karnali Province,6,Humla,66,Tanjakot,Gaunpalika,524 6 66 4 006,671
Province 5,5,Palpa,46,Tansen,Nagarpalika,524 5 46 3 001,502
Province 1,1,Udayapur,14,Tapli,Gaunpalika,524 1 14 4 001,136
Gandaki Province,4,Baglung,43,Tara,Khola,524 4 43 4 004,480
Bagmati Province,3,Kathmandu,27,Tarakeshwor,Nagarpalika,524 3 27 3 001,299
Bagmati Province,3,Nuwakot,28,Tarkeshwar,Gaunpalika,524 3 28 4 003,312
Karnali Province,6,Jumla,63,Tatopani,Gaunpalika,524 6 63 4 006,650
Bagmati Province,3,Kabhrepalanchok,24,Temal,Gaunpalika,524 3 24 4 005,279
Bagmati Province,3,Makawanpur,31,Thaha,Nagarpalika,524 3 31 3 001,342
Bagmati Province,3,Dhading,30,Thakre,Gaunpalika,524 3 30 4 011,331
Province 5,5,Bardiya,58,Thakurbaba,Nagarpalika,524 5 58 3 003,607
Sudurpaschim Province,7,Bajhang,67,Thalara,Gaunpalika,524 7 67 4 009,693
Karnali Province,6,Dailekh,61,Thantikandh,Gaunpalika,524 6 61 4 001,628
Gandaki Province,4,Mustang,45,Thasang,Gaunpalika,524 4 45 4 005,456
Province 5,5,Rolpa,54,Thawang,Gaunpalika,524 5 54 4 003,562
Province 2,2,Parsa,34,Thori,Gaunpalika,524 2 34 4 001,393
Karnali Province,6,Dolpa,62,Thuli,Bheri,524 6 62 3 002,642
Sudurpaschim Province,7,Kailali,71,Tikapur,Nagarpalika,524 7 71 3 005,728
Karnali Province,6,Jumla,63,Tila,Gaunpalika,524 6 63 4 005,651
Karnali Province,6,Kalikot,64,Tilagufa,Nagarpalika,524 6 64 3 003,660
Province 2,2,Saptari,15,Tilathi,Koiladi,524 2 15 4 009,156
Province 5,5,Rupandehi,48,Tillotama,Nagarpalika,524 5 48 3 003,526
Province 5,5,Palpa,46,Tinau,Gaunpalika,524 5 46 4 002,503
Bagmati Province,3,Sindhuli,20,Tinpatan,Gaunpalika,524 3 20 4 006,237
Province 2,2,Saptari,15,Tirahut,Gaunpalika,524 2 15 4 003,157
Bagmati Province,3,Kathmandu,27,Tokha,Nagarpalika,524 3 27 3 002,300
Province 5,5,Rolpa,54,Tribeni,Gaunpalika,524 5 54 4 006,563
Karnali Province,6,Rukum West,77,Tribeni,Gaunpalika,524 6 52 4 003,570
Karnali Province,6,Salyan,53,Tribeni,Gaunpalika,524 6 53 4 006,580
Sudurpaschim Province,7,Bajura,68,Tribeni,Nagarpalika,524 7 68 3 004,680
Karnali Province,6,Jajarkot,60,Tribeni,Nalagad,524 6 60 3 003,635
Bagmati Province,3,Dhading,30,Tripura,Sundari,524 3 30 4 004,332
Bagmati Province,3,Sindhupalchok,23,Tripurasundari,Gaunpalika,524 3 23 4 008,266
Karnali Province,6,Dolpa,62,Tripurasundari,Nagarpalika,524 6 62 3 001,643
Province 1,1,Udayapur,14,Triyuga,Nagarpalika,524 1 14 3 002,137
Province 5,5,Dang,56,Tulsipur,Upamahanagarpalika,524 5 56 2 001,590
Province 1,1,Panchthar,2,Tumbewa,Gaunpalika,524 1 02 4 006,16
Sudurpaschim Province,7,Achham,69,Turmakhad,Gaunpalika,524 7 69 4 006,704
Province 1,1,Bhojpur,10,Tyamkemaiyung,Gaunpalika,524 1 10 4 002,104
Province 1,1,Udayapur,14,Udayapurgadhi,Gaunpalika,524 1 14 4 003,138
Bagmati Province,3,Ramechhap,21,Umakunda,Gaunpalika,524 3 21 4 004,245
Province 1,1,Morang,5,Uralabari,Nagarpalika,524 1 05 3 005,59
Bagmati Province,3,Rasuwa,29,Uttargaya,Gaunpalika,524 3 29 4 003,319
Gandaki Province,4,Syangja,41,Waling,Nagarpalika,524 4 41 3 004,442
Province 1,1,Taplejung,1,Yangwarak,Gaunpalika,524 1 01 4 007,9
Province 1,1,Panchthar,2,Yangwarak,Gaunpalika,524 1 02 4 002,17
Province 5,5,Kapilbastu,49,Yashodhara,Gaunpalika,524 5 49 4 002,537
Province 2,2,Rautahat,32,Yemunamai,Gaunpalika,524 2 32 4 001,362